Caller,InstructionEA,Provider,GUID,Event,Level,Keyword,Fields,Confidence
?NotifyFailure@?$ActivityBase@VProfileServiceLogging@@$00$0A@$03$0A@U_TlgReflectorTag_Param0IsProviderType@@@wil@@UEAA_NAEBUFailureInfo@2@@Z,0x180049325,Microsoft.Windows.ProfileService,{9959ADBD-B5AC-5758-3FFA-EE0DA5B8FE4B},ActivityError,2,0x200000000000,"PartA_PrivTags:UInt64, wilActivity:Struct(NTStatus), hresult:UInt32, fileName:AnsiString, lineNumber:UInt32, module:AnsiString, failureType:UInt32, message:UnicodeString, threadId:UInt32, callContext:AnsiString, originatingContextId:UInt32, originatingContextName:AnsiString, originatingContextMessage:UnicodeString, currentContextId:UInt32, currentContextName:AnsiString, currentContextMessage:UnicodeString",CallGraph-d2
?NotifyFailure@?$ActivityBase@VProfileServiceLogging@@$00$0A@$03$0A@U_TlgReflectorTag_Param0IsProviderType@@@wil@@UEAA_NAEBUFailureInfo@2@@Z,0x180049453,Microsoft.Windows.ProfileService,{9959ADBD-B5AC-5758-3FFA-EE0DA5B8FE4B},ActivityError,2,0x0,"PartA_PrivTags:UInt64, wilActivity:Struct(Signed), hresult:UInt32, fileName:AnsiString, lineNumber:UInt32, module:AnsiString, failureType:UInt32, message:UnicodeString, threadId:UInt32, callContext:AnsiString, originatingContextId:UInt32, originatingContextName:AnsiString, originatingContextMessage:UnicodeString, currentContextId:UInt32, currentContextName:AnsiString, currentContextMessage:UnicodeString, failureId:UInt32, failureCount:UInt32, function:AnsiString",CallGraph-d2
?NotifyFailure@?$ActivityBase@VProfileServiceLogging@@$00$0CAAAAAAAAAAA@$03$0A@U_TlgReflectorTag_Param0IsProviderType@@@wil@@UEAA_NAEBUFailureInfo@2@@Z,0x180049655,Microsoft.Windows.ProfileService,{9959ADBD-B5AC-5758-3FFA-EE0DA5B8FE4B},ActivityError,2,0x200000000000,"PartA_PrivTags:UInt64, wilActivity:Struct(NTStatus), hresult:UInt32, fileName:AnsiString, lineNumber:UInt32, module:AnsiString, failureType:UInt32, message:UnicodeString, threadId:UInt32, callContext:AnsiString, originatingContextId:UInt32, originatingContextName:AnsiString, originatingContextMessage:UnicodeString, currentContextId:UInt32, currentContextName:AnsiString, currentContextMessage:UnicodeString",CallGraph-d2
?NotifyFailure@?$ActivityBase@VProfileServiceLogging@@$00$0CAAAAAAAAAAA@$03$0A@U_TlgReflectorTag_Param0IsProviderType@@@wil@@UEAA_NAEBUFailureInfo@2@@Z,0x18004979d,Microsoft.Windows.ProfileService,{9959ADBD-B5AC-5758-3FFA-EE0DA5B8FE4B},ActivityError,2,0x200000000000,"PartA_PrivTags:UInt64, wilActivity:Struct(Signed), hresult:UInt32, fileName:AnsiString, lineNumber:UInt32, module:AnsiString, failureType:UInt32, message:UnicodeString, threadId:UInt32, callContext:AnsiString, originatingContextId:UInt32, originatingContextName:AnsiString, originatingContextMessage:UnicodeString, currentContextId:UInt32, currentContextName:AnsiString, currentContextMessage:UnicodeString, failureId:UInt32, failureCount:UInt32, function:AnsiString",CallGraph-d2
?ReportStopActivity@?$ActivityBase@VProfileServiceLogging@@$00$0A@$03$0A@U_TlgReflectorTag_Param0IsProviderType@@@wil@@AEAAXJ@Z,0x1800499d1,Microsoft.Windows.ProfileService,{9959ADBD-B5AC-5758-3FFA-EE0DA5B8FE4B},ActivityFailure,2,0x200000000000,"PartA_PrivTags:UInt64, wilActivity:Struct(NTStatus), hresult:UInt32, fileName:AnsiString, lineNumber:UInt32, module:AnsiString, failureType:UInt32, message:UnicodeString, threadId:UInt32, callContext:AnsiString, originatingContextId:UInt32, originatingContextName:AnsiString, originatingContextMessage:UnicodeString, currentContextId:UInt32, currentContextName:AnsiString, currentContextMessage:UnicodeString",CallGraph-d2
?ReportStopActivity@?$ActivityBase@VProfileServiceLogging@@$00$0A@$03$0A@U_TlgReflectorTag_Param0IsProviderType@@@wil@@AEAAXJ@Z,0x180049b3b,Microsoft.Windows.ProfileService,{9959ADBD-B5AC-5758-3FFA-EE0DA5B8FE4B},ActivityFailure,2,0x200000000000,"PartA_PrivTags:UInt64, wilActivity:Struct(Hex), hresult:UInt32, threadId:UInt32, currentContextName:AnsiString, currentContextMessage:UnicodeString",CallGraph-d2
?Stop@?$ActivityBase@VProfileServiceLogging@@$00$0A@$03$0A@U_TlgReflectorTag_Param0IsProviderType@@@wil@@QEAAXJ@Z,0x180049ea4,Microsoft.Windows.ProfileService,{9959ADBD-B5AC-5758-3FFA-EE0DA5B8FE4B},ActivityIntermediateStop,5,0x0,"PartA_PrivTags:UInt64, wilActivity:Struct(String), hresult:UInt32, threadId:UInt32",CallGraph-d2
?Stop@?$ActivityBase@VProfileServiceLogging@@$00$0CAAAAAAAAAAA@$03$0A@U_TlgReflectorTag_Param0IsProviderType@@@wil@@QEAAXJ@Z,0x180049f89,Microsoft.Windows.ProfileService,{9959ADBD-B5AC-5758-3FFA-EE0DA5B8FE4B},ActivityIntermediateStop,5,0x200000000000,"PartA_PrivTags:UInt64, wilActivity:Struct(String), hresult:UInt32, threadId:UInt32",CallGraph-d2
?StartActivity@CreateActivity@ProfileServiceTelemetry@@QEAAXXZ,0x180049c0b,Microsoft.Windows.ProfileService,{9959ADBD-B5AC-5758-3FFA-EE0DA5B8FE4B},CreateActivity,4,0x0,"PartA_PrivTags:UInt64, wilActivity:Struct(NoPrint), threadId:UInt32",CallGraph-d2
?StopActivity@CreateActivity@ProfileServiceTelemetry@@MEAAXXZ,0x18004a047,Microsoft.Windows.ProfileService,{9959ADBD-B5AC-5758-3FFA-EE0DA5B8FE4B},CreateActivity,4,0x0,"PartA_PrivTags:UInt64, PartA_PrivTags:UInt64, wilActivity:Struct(Signed), hresult:UInt32, fileName:AnsiString, lineNumber:UInt32, module:AnsiString, failureType:UInt32, message:UnicodeString, threadId:UInt32, callContext:AnsiString, originatingContextId:UInt32, originatingContextName:AnsiString, originatingContextMessage:UnicodeString, currentContextId:UInt32, currentContextName:AnsiString, currentContextMessage:UnicodeString, failureId:UInt32, failureCount:UInt32, function:AnsiString",CallGraph-d2
?StopActivity@CreateActivity@ProfileServiceTelemetry@@MEAAXXZ,0x18004a1cf,Microsoft.Windows.ProfileService,{9959ADBD-B5AC-5758-3FFA-EE0DA5B8FE4B},CreateActivity,4,0x0,"PartA_PrivTags:UInt64, wilActivity:Struct(String), hresult:UInt32, threadId:UInt32",CallGraph-d2
?StartActivity@DeleteProfileActivity@ProfileServiceTelemetry@@QEAAXPEBG0@Z,0x180049cb8,Microsoft.Windows.ProfileService,{9959ADBD-B5AC-5758-3FFA-EE0DA5B8FE4B},DeleteProfileActivity,4,0x200000000000,"PartA_PrivTags:UInt64, wilActivity:Struct(NoPrint), threadId:UInt32, sid:UnicodeString, profilePath:UnicodeString",CallGraph-d2
?StopActivity@DeleteProfileActivity@ProfileServiceTelemetry@@MEAAXXZ,0x18004a2a2,Microsoft.Windows.ProfileService,{9959ADBD-B5AC-5758-3FFA-EE0DA5B8FE4B},DeleteProfileActivity,4,0x200000000000,"PartA_PrivTags:UInt64, PartA_PrivTags:UInt64, wilActivity:Struct(NTStatus), hresult:UInt32, fileName:AnsiString, lineNumber:UInt32, module:AnsiString, failureType:UInt32, message:UnicodeString, threadId:UInt32, callContext:AnsiString, originatingContextId:UInt32, originatingContextName:AnsiString, originatingContextMessage:UnicodeString, currentContextId:UInt32, currentContextName:AnsiString, currentContextMessage:UnicodeString",CallGraph-d2
?StopActivity@DeleteProfileActivity@ProfileServiceTelemetry@@MEAAXXZ,0x18004a407,Microsoft.Windows.ProfileService,{9959ADBD-B5AC-5758-3FFA-EE0DA5B8FE4B},DeleteProfileActivity,4,0x200000000000,"PartA_PrivTags:UInt64, wilActivity:Struct(String), hresult:UInt32, threadId:UInt32",CallGraph-d2
??$HiveFileLocked@KAEAK@ProfileServiceTelemetry@@SAX$$QEAKAEAK@Z,0x18004c65e,Microsoft.Windows.ProfileService,{9959ADBD-B5AC-5758-3FFA-EE0DA5B8FE4B},HiveFileLocked,5,0x800000000000,"isClassesHive:UInt32, numProcesses:UInt32",CallGraph-d2
?StartActivity@ProcessWmiSettingsActivity@ProfileServiceTelemetry@@QEAAXXZ,0x180049d7d,Microsoft.Windows.ProfileService,{9959ADBD-B5AC-5758-3FFA-EE0DA5B8FE4B},ProcessWmiSettingsActivity,4,0x200000000000,"PartA_PrivTags:UInt64, wilActivity:Struct(NoPrint), threadId:UInt32",CallGraph-d2
?StopActivity@ProcessWmiSettingsActivity@ProfileServiceTelemetry@@MEAAXXZ,0x18004a4d2,Microsoft.Windows.ProfileService,{9959ADBD-B5AC-5758-3FFA-EE0DA5B8FE4B},ProcessWmiSettingsActivity,4,0x200000000000,"PartA_PrivTags:UInt64, PartA_PrivTags:UInt64, wilActivity:Struct(NTStatus), hresult:UInt32, fileName:AnsiString, lineNumber:UInt32, module:AnsiString, failureType:UInt32, message:UnicodeString, threadId:UInt32, callContext:AnsiString, originatingContextId:UInt32, originatingContextName:AnsiString, originatingContextMessage:UnicodeString, currentContextId:UInt32, currentContextName:AnsiString, currentContextMessage:UnicodeString",CallGraph-d2
?StopActivity@ProcessWmiSettingsActivity@ProfileServiceTelemetry@@MEAAXXZ,0x18004a637,Microsoft.Windows.ProfileService,{9959ADBD-B5AC-5758-3FFA-EE0DA5B8FE4B},ProcessWmiSettingsActivity,4,0x200000000000,"PartA_PrivTags:UInt64, wilActivity:Struct(String), hresult:UInt32, threadId:UInt32",CallGraph-d2
??$RecordInterferingProcessViaFile@PEAGKAEAKAEAPEBG@ProfileServiceTelemetry@@SAX$$QEAPEAG$$QEAKAEAKAEAPEBG@Z,0x18004c77f,Microsoft.Windows.ProfileService,{9959ADBD-B5AC-5758-3FFA-EE0DA5B8FE4B},RecordInterferingProcessViaFile,1,0x400000000000,"imageName:UnicodeString, pid:UInt32, pidProfSvc:UInt32, filename:UnicodeString",CallGraph-d2
?StartActivity@RemapProfileActivity@ProfileServiceTelemetry@@QEAAXXZ,0x180049e07,Microsoft.Windows.ProfileService,{9959ADBD-B5AC-5758-3FFA-EE0DA5B8FE4B},RemapProfileActivity,4,0x0,"PartA_PrivTags:UInt64, wilActivity:Struct(NoPrint), threadId:UInt32",CallGraph-d2
?StopActivity@RemapProfileActivity@ProfileServiceTelemetry@@MEAAXXZ,0x18004a6e7,Microsoft.Windows.ProfileService,{9959ADBD-B5AC-5758-3FFA-EE0DA5B8FE4B},RemapProfileActivity,4,0x0,"PartA_PrivTags:UInt64, PartA_PrivTags:UInt64, wilActivity:Struct(Signed), hresult:UInt32, fileName:AnsiString, lineNumber:UInt32, module:AnsiString, failureType:UInt32, message:UnicodeString, threadId:UInt32, callContext:AnsiString, originatingContextId:UInt32, originatingContextName:AnsiString, originatingContextMessage:UnicodeString, currentContextId:UInt32, currentContextName:AnsiString, currentContextMessage:UnicodeString, failureId:UInt32, failureCount:UInt32, function:AnsiString",CallGraph-d2
?StopActivity@RemapProfileActivity@ProfileServiceTelemetry@@MEAAXXZ,0x18004a86f,Microsoft.Windows.ProfileService,{9959ADBD-B5AC-5758-3FFA-EE0DA5B8FE4B},RemapProfileActivity,4,0x0,"PartA_PrivTags:UInt64, wilActivity:Struct(String), hresult:UInt32, threadId:UInt32",CallGraph-d2
?NotifyFailure@?$ActivityBase@VProfileLogging@@$00$0A@$03$0BAAAAAA@U_TlgReflectorTag_Param0IsProviderType@@@wil@@UEAA_NAEBUFailureInfo@2@@Z,0x180041c55,Microsoft.Windows.Shell.UserProfiles,{9891E0A7-F966-547F-EB21-D98616BF72EE},ActivityError,2,0x200000000000,"PartA_PrivTags:UInt64, wilActivity:Struct(NTStatus), hresult:UInt32, fileName:AnsiString, lineNumber:UInt32, module:AnsiString, failureType:UInt32, message:UnicodeString, threadId:UInt32, callContext:AnsiString, originatingContextId:UInt32, originatingContextName:AnsiString, originatingContextMessage:UnicodeString, currentContextId:UInt32, currentContextName:AnsiString, currentContextMessage:UnicodeString",CallGraph-d1
?NotifyFailure@?$ActivityBase@VProfileLogging@@$00$0A@$03$0BAAAAAA@U_TlgReflectorTag_Param0IsProviderType@@@wil@@UEAA_NAEBUFailureInfo@2@@Z,0x180041d83,Microsoft.Windows.Shell.UserProfiles,{9891E0A7-F966-547F-EB21-D98616BF72EE},ActivityError,2,0x0,"PartA_PrivTags:UInt64, wilActivity:Struct(Signed), hresult:UInt32, fileName:AnsiString, lineNumber:UInt32, module:AnsiString, failureType:UInt32, message:UnicodeString, threadId:UInt32, callContext:AnsiString, originatingContextId:UInt32, originatingContextName:AnsiString, originatingContextMessage:UnicodeString, currentContextId:UInt32, currentContextName:AnsiString, currentContextMessage:UnicodeString, failureId:UInt32, failureCount:UInt32, function:AnsiString",CallGraph-d1
?NotifyFailure@?$ActivityBase@VProfileLogging@@$00$0A@$04$0BAAAAAA@U_TlgReflectorTag_Param0IsProviderType@@@wil@@UEAA_NAEBUFailureInfo@2@@Z,0x180041f85,Microsoft.Windows.Shell.UserProfiles,{9891E0A7-F966-547F-EB21-D98616BF72EE},ActivityError,2,0x200000000000,"PartA_PrivTags:UInt64, wilActivity:Struct(NTStatus), hresult:UInt32, fileName:AnsiString, lineNumber:UInt32, module:AnsiString, failureType:UInt32, message:UnicodeString, threadId:UInt32, callContext:AnsiString, originatingContextId:UInt32, originatingContextName:AnsiString, originatingContextMessage:UnicodeString, currentContextId:UInt32, currentContextName:AnsiString, currentContextMessage:UnicodeString",CallGraph-d1
?NotifyFailure@?$ActivityBase@VProfileLogging@@$00$0A@$04$0BAAAAAA@U_TlgReflectorTag_Param0IsProviderType@@@wil@@UEAA_NAEBUFailureInfo@2@@Z,0x1800420b3,Microsoft.Windows.Shell.UserProfiles,{9891E0A7-F966-547F-EB21-D98616BF72EE},ActivityError,2,0x0,"PartA_PrivTags:UInt64, wilActivity:Struct(Signed), hresult:UInt32, fileName:AnsiString, lineNumber:UInt32, module:AnsiString, failureType:UInt32, message:UnicodeString, threadId:UInt32, callContext:AnsiString, originatingContextId:UInt32, originatingContextName:AnsiString, originatingContextMessage:UnicodeString, currentContextId:UInt32, currentContextName:AnsiString, currentContextMessage:UnicodeString, failureId:UInt32, failureCount:UInt32, function:AnsiString",CallGraph-d1
?NotifyFailure@?$ActivityBase@VProfileLogging@@$00$0CAAAAAAAAAAA@$03$0BAAAAAA@U_TlgReflectorTag_Param0IsProviderType@@@wil@@UEAA_NAEBUFailureInfo@2@@Z,0x18003d755,Microsoft.Windows.Shell.UserProfiles,{9891E0A7-F966-547F-EB21-D98616BF72EE},ActivityError,2,0x200000000000,"PartA_PrivTags:UInt64, wilActivity:Struct(NTStatus), hresult:UInt32, fileName:AnsiString, lineNumber:UInt32, module:AnsiString, failureType:UInt32, message:UnicodeString, threadId:UInt32, callContext:AnsiString, originatingContextId:UInt32, originatingContextName:AnsiString, originatingContextMessage:UnicodeString, currentContextId:UInt32, currentContextName:AnsiString, currentContextMessage:UnicodeString",CallGraph-d1
?NotifyFailure@?$ActivityBase@VProfileLogging@@$00$0CAAAAAAAAAAA@$03$0BAAAAAA@U_TlgReflectorTag_Param0IsProviderType@@@wil@@UEAA_NAEBUFailureInfo@2@@Z,0x18003d89d,Microsoft.Windows.Shell.UserProfiles,{9891E0A7-F966-547F-EB21-D98616BF72EE},ActivityError,2,0x200000000000,"PartA_PrivTags:UInt64, wilActivity:Struct(Signed), hresult:UInt32, fileName:AnsiString, lineNumber:UInt32, module:AnsiString, failureType:UInt32, message:UnicodeString, threadId:UInt32, callContext:AnsiString, originatingContextId:UInt32, originatingContextName:AnsiString, originatingContextMessage:UnicodeString, currentContextId:UInt32, currentContextName:AnsiString, currentContextMessage:UnicodeString, failureId:UInt32, failureCount:UInt32, function:AnsiString",CallGraph-d1
?NotifyFailure@?$ActivityBase@VProfileLogging@@$00$0CAAAAAAAAAAA@$03$0IBAAAAAA@U_TlgReflectorTag_Param0IsProviderType@@@wil@@UEAA_NAEBUFailureInfo@2@@Z,0x18004e565,Microsoft.Windows.Shell.UserProfiles,{9891E0A7-F966-547F-EB21-D98616BF72EE},ActivityError,2,0x200000000000,"PartA_PrivTags:UInt64, wilActivity:Struct(NTStatus), hresult:UInt32, fileName:AnsiString, lineNumber:UInt32, module:AnsiString, failureType:UInt32, message:UnicodeString, threadId:UInt32, callContext:AnsiString, originatingContextId:UInt32, originatingContextName:AnsiString, originatingContextMessage:UnicodeString, currentContextId:UInt32, currentContextName:AnsiString, currentContextMessage:UnicodeString",CallGraph-d1
?NotifyFailure@?$ActivityBase@VProfileLogging@@$00$0CAAAAAAAAAAA@$03$0IBAAAAAA@U_TlgReflectorTag_Param0IsProviderType@@@wil@@UEAA_NAEBUFailureInfo@2@@Z,0x18004e6ad,Microsoft.Windows.Shell.UserProfiles,{9891E0A7-F966-547F-EB21-D98616BF72EE},ActivityError,2,0x200000000000,"PartA_PrivTags:UInt64, wilActivity:Struct(Signed), hresult:UInt32, fileName:AnsiString, lineNumber:UInt32, module:AnsiString, failureType:UInt32, message:UnicodeString, threadId:UInt32, callContext:AnsiString, originatingContextId:UInt32, originatingContextName:AnsiString, originatingContextMessage:UnicodeString, currentContextId:UInt32, currentContextName:AnsiString, currentContextMessage:UnicodeString, failureId:UInt32, failureCount:UInt32, function:AnsiString",CallGraph-d1
?NotifyFailure@?$ActivityBase@VProfileLogging@@$00$0EAAAAAAAAAAA@$00$0BAAAAAA@U_TlgReflectorTag_Param0IsProviderType@@@wil@@UEAA_NAEBUFailureInfo@2@@Z,0x18003daa5,Microsoft.Windows.Shell.UserProfiles,{9891E0A7-F966-547F-EB21-D98616BF72EE},ActivityError,2,0x600000000000,"PartA_PrivTags:UInt64, wilActivity:Struct(NTStatus), hresult:UInt32, fileName:AnsiString, lineNumber:UInt32, module:AnsiString, failureType:UInt32, message:UnicodeString, threadId:UInt32, callContext:AnsiString, originatingContextId:UInt32, originatingContextName:AnsiString, originatingContextMessage:UnicodeString, currentContextId:UInt32, currentContextName:AnsiString, currentContextMessage:UnicodeString",CallGraph-d1
?NotifyFailure@?$ActivityBase@VProfileLogging@@$00$0EAAAAAAAAAAA@$00$0BAAAAAA@U_TlgReflectorTag_Param0IsProviderType@@@wil@@UEAA_NAEBUFailureInfo@2@@Z,0x18003dbed,Microsoft.Windows.Shell.UserProfiles,{9891E0A7-F966-547F-EB21-D98616BF72EE},ActivityError,2,0x400000000000,"PartA_PrivTags:UInt64, wilActivity:Struct(Signed), hresult:UInt32, fileName:AnsiString, lineNumber:UInt32, module:AnsiString, failureType:UInt32, message:UnicodeString, threadId:UInt32, callContext:AnsiString, originatingContextId:UInt32, originatingContextName:AnsiString, originatingContextMessage:UnicodeString, currentContextId:UInt32, currentContextName:AnsiString, currentContextMessage:UnicodeString, failureId:UInt32, failureCount:UInt32, function:AnsiString",CallGraph-d1
?NotifyFailure@?$ActivityBase@VProfileLogging@@$00$0EAAAAAAAAAAA@$03$0BAAAAAA@U_TlgReflectorTag_Param0IsProviderType@@@wil@@UEAA_NAEBUFailureInfo@2@@Z,0x1800422b5,Microsoft.Windows.Shell.UserProfiles,{9891E0A7-F966-547F-EB21-D98616BF72EE},ActivityError,2,0x600000000000,"PartA_PrivTags:UInt64, wilActivity:Struct(NTStatus), hresult:UInt32, fileName:AnsiString, lineNumber:UInt32, module:AnsiString, failureType:UInt32, message:UnicodeString, threadId:UInt32, callContext:AnsiString, originatingContextId:UInt32, originatingContextName:AnsiString, originatingContextMessage:UnicodeString, currentContextId:UInt32, currentContextName:AnsiString, currentContextMessage:UnicodeString",CallGraph-d1
?NotifyFailure@?$ActivityBase@VProfileLogging@@$00$0EAAAAAAAAAAA@$03$0BAAAAAA@U_TlgReflectorTag_Param0IsProviderType@@@wil@@UEAA_NAEBUFailureInfo@2@@Z,0x1800423fd,Microsoft.Windows.Shell.UserProfiles,{9891E0A7-F966-547F-EB21-D98616BF72EE},ActivityError,2,0x400000000000,"PartA_PrivTags:UInt64, wilActivity:Struct(Signed), hresult:UInt32, fileName:AnsiString, lineNumber:UInt32, module:AnsiString, failureType:UInt32, message:UnicodeString, threadId:UInt32, callContext:AnsiString, originatingContextId:UInt32, originatingContextName:AnsiString, originatingContextMessage:UnicodeString, currentContextId:UInt32, currentContextName:AnsiString, currentContextMessage:UnicodeString, failureId:UInt32, failureCount:UInt32, function:AnsiString",CallGraph-d1
?ReportStopActivity@?$ActivityBase@VProfileLogging@@$00$0A@$03$0BAAAAAA@U_TlgReflectorTag_Param0IsProviderType@@@wil@@AEAAXJ@Z,0x180011e83,Microsoft.Windows.Shell.UserProfiles,{9891E0A7-F966-547F-EB21-D98616BF72EE},ActivityFailure,2,0x200000000000,"PartA_PrivTags:UInt64, wilActivity:Struct(Hex), hresult:UInt32, threadId:UInt32, currentContextName:AnsiString, currentContextMessage:UnicodeString",CallGraph-d1
?ReportStopActivity@?$ActivityBase@VProfileLogging@@$00$0A@$03$0BAAAAAA@U_TlgReflectorTag_Param0IsProviderType@@@wil@@AEAAXJ@Z,0x180011f12,Microsoft.Windows.Shell.UserProfiles,{9891E0A7-F966-547F-EB21-D98616BF72EE},ActivityFailure,2,0x200000000000,"PartA_PrivTags:UInt64, wilActivity:Struct(NTStatus), hresult:UInt32, fileName:AnsiString, lineNumber:UInt32, module:AnsiString, failureType:UInt32, message:UnicodeString, threadId:UInt32, callContext:AnsiString, originatingContextId:UInt32, originatingContextName:AnsiString, originatingContextMessage:UnicodeString, currentContextId:UInt32, currentContextName:AnsiString, currentContextMessage:UnicodeString",CallGraph-d1
?ReportStopActivity@?$ActivityBase@VProfileLogging@@$00$0A@$04$0BAAAAAA@U_TlgReflectorTag_Param0IsProviderType@@@wil@@AEAAXJ@Z,0x180026b3f,Microsoft.Windows.Shell.UserProfiles,{9891E0A7-F966-547F-EB21-D98616BF72EE},ActivityFailure,2,0x200000000000,"PartA_PrivTags:UInt64, wilActivity:Struct(NTStatus), hresult:UInt32, fileName:AnsiString, lineNumber:UInt32, module:AnsiString, failureType:UInt32, message:UnicodeString, threadId:UInt32, callContext:AnsiString, originatingContextId:UInt32, originatingContextName:AnsiString, originatingContextMessage:UnicodeString, currentContextId:UInt32, currentContextName:AnsiString, currentContextMessage:UnicodeString",CallGraph-d1
?ReportStopActivity@?$ActivityBase@VProfileLogging@@$00$0A@$04$0BAAAAAA@U_TlgReflectorTag_Param0IsProviderType@@@wil@@AEAAXJ@Z,0x180026b7c,Microsoft.Windows.Shell.UserProfiles,{9891E0A7-F966-547F-EB21-D98616BF72EE},ActivityFailure,2,0x200000000000,"PartA_PrivTags:UInt64, wilActivity:Struct(NTStatus), hresult:UInt32, fileName:AnsiString, lineNumber:UInt32, module:AnsiString, failureType:UInt32, message:UnicodeString, threadId:UInt32, callContext:AnsiString, originatingContextId:UInt32, originatingContextName:AnsiString, originatingContextMessage:UnicodeString, currentContextId:UInt32, currentContextName:AnsiString, currentContextMessage:UnicodeString",CallGraph-d1
?ReportStopActivity@?$ActivityBase@VProfileLogging@@$00$0A@$04$0BAAAAAA@U_TlgReflectorTag_Param0IsProviderType@@@wil@@AEAAXJ@Z,0x180026d0f,Microsoft.Windows.Shell.UserProfiles,{9891E0A7-F966-547F-EB21-D98616BF72EE},ActivityFailure,2,0x200000000000,"PartA_PrivTags:UInt64, wilActivity:Struct(Hex), hresult:UInt32, threadId:UInt32, currentContextName:AnsiString, currentContextMessage:UnicodeString",CallGraph-d1
?ReportStopActivity@?$ActivityBase@VProfileLogging@@$00$0A@$04$0BAAAAAA@U_TlgReflectorTag_Param0IsProviderType@@@wil@@AEAAXJ@Z,0x180026d4d,Microsoft.Windows.Shell.UserProfiles,{9891E0A7-F966-547F-EB21-D98616BF72EE},ActivityFailure,2,0x200000000000,"PartA_PrivTags:UInt64, wilActivity:Struct(Hex), hresult:UInt32, threadId:UInt32, currentContextName:AnsiString, currentContextMessage:UnicodeString",CallGraph-d1
?Stop@?$ActivityBase@VProfileLogging@@$00$0A@$03$0BAAAAAA@U_TlgReflectorTag_Param0IsProviderType@@@wil@@QEAAXJ@Z,0x180011d5d,Microsoft.Windows.Shell.UserProfiles,{9891E0A7-F966-547F-EB21-D98616BF72EE},ActivityIntermediateStop,5,0x0,"PartA_PrivTags:UInt64, wilActivity:Struct(String), hresult:UInt32, threadId:UInt32",CallGraph-d1
?Stop@?$ActivityBase@VProfileLogging@@$00$0A@$04$0BAAAAAA@U_TlgReflectorTag_Param0IsProviderType@@@wil@@QEAAXJ@Z,0x18004304c,Microsoft.Windows.Shell.UserProfiles,{9891E0A7-F966-547F-EB21-D98616BF72EE},ActivityIntermediateStop,5,0x0,"PartA_PrivTags:UInt64, wilActivity:Struct(String), hresult:UInt32, threadId:UInt32",CallGraph-d1
?Stop@?$ActivityBase@VProfileLogging@@$00$0EAAAAAAAAAAA@$00$0BAAAAAA@U_TlgReflectorTag_Param0IsProviderType@@@wil@@QEAAXJ@Z,0x18003df21,Microsoft.Windows.Shell.UserProfiles,{9891E0A7-F966-547F-EB21-D98616BF72EE},ActivityIntermediateStop,5,0x400000000000,"PartA_PrivTags:UInt64, wilActivity:Struct(String), hresult:UInt32, threadId:UInt32",CallGraph-d1
?Stop@?$ActivityBase@VProfileLogging@@$00$0EAAAAAAAAAAA@$03$0BAAAAAA@U_TlgReflectorTag_Param0IsProviderType@@@wil@@QEAAXJ@Z,0x18001bbd5,Microsoft.Windows.Shell.UserProfiles,{9891E0A7-F966-547F-EB21-D98616BF72EE},ActivityIntermediateStop,5,0x400000000000,"PartA_PrivTags:UInt64, wilActivity:Struct(String), hresult:UInt32, threadId:UInt32",CallGraph-d1
?StartActivity@AddCurrentUserToACL@ProfileTelemetry@@QEAAXXZ,0x180042d94,Microsoft.Windows.Shell.UserProfiles,{9891E0A7-F966-547F-EB21-D98616BF72EE},AddCurrentUserToACL,4,0x400000000000,"PartA_PrivTags:UInt64, wilActivity:Struct(NoPrint), threadId:UInt32",CallGraph-d1
?StopActivity@AddCurrentUserToACL@ProfileTelemetry@@MEAAXXZ,0x180043122,Microsoft.Windows.Shell.UserProfiles,{9891E0A7-F966-547F-EB21-D98616BF72EE},AddCurrentUserToACL,4,0x400000000000,"PartA_PrivTags:UInt64, PartA_PrivTags:UInt64, wilActivity:Struct(NTStatus), hresult:UInt32, fileName:AnsiString, lineNumber:UInt32, module:AnsiString, failureType:UInt32, message:UnicodeString, threadId:UInt32, callContext:AnsiString, originatingContextId:UInt32, originatingContextName:AnsiString, originatingContextMessage:UnicodeString, currentContextId:UInt32, currentContextName:AnsiString, currentContextMessage:UnicodeString",CallGraph-d1
?StopActivity@AddCurrentUserToACL@ProfileTelemetry@@MEAAXXZ,0x180043287,Microsoft.Windows.Shell.UserProfiles,{9891E0A7-F966-547F-EB21-D98616BF72EE},AddCurrentUserToACL,4,0x400000000000,"PartA_PrivTags:UInt64, wilActivity:Struct(String), hresult:UInt32, threadId:UInt32",CallGraph-d1
??$BackupAlreadyExists@PEBG@ProfileTelemetry@@SAX$$QEAPEBG@Z,0x18003394e,Microsoft.Windows.Shell.UserProfiles,{9891E0A7-F966-547F-EB21-D98616BF72EE},BackupAlreadyExists,5,0x0,"deletedKey:UnicodeString, PartA_PrivTags:UInt64",CallGraph-d1
??$BackupKeyRename@PEBGPEBG@ProfileTelemetry@@SAX$$QEAPEBG0@Z,0x18003c89b,Microsoft.Windows.Shell.UserProfiles,{9891E0A7-F966-547F-EB21-D98616BF72EE},BackupKeyRename,5,0x0,"oldName:UnicodeString, newName:UnicodeString, PartA_PrivTags:UInt64",CallGraph-d1
?StartActivity@BackupProfileListEntry@ProfileTelemetry@@QEAAXXZ,0x1800305e4,Microsoft.Windows.Shell.UserProfiles,{9891E0A7-F966-547F-EB21-D98616BF72EE},BackupProfileListEntry,4,0x200000000000,"PartA_PrivTags:UInt64, wilActivity:Struct(NoPrint), threadId:UInt32",CallGraph-d1
?Stop@BackupProfileListEntry@ProfileTelemetry@@QEAAXH@Z,0x18003dff4,Microsoft.Windows.Shell.UserProfiles,{9891E0A7-F966-547F-EB21-D98616BF72EE},BackupProfileListEntry,4,0x200000000000,"PartA_PrivTags:UInt64, PartA_PrivTags:UInt64, wilActivity:Struct(NTStatus), hresult:UInt32, fileName:AnsiString, lineNumber:UInt32, module:AnsiString, failureType:UInt32, message:UnicodeString, threadId:UInt32, callContext:AnsiString, originatingContextId:UInt32, originatingContextName:AnsiString, originatingContextMessage:UnicodeString, currentContextId:UInt32, currentContextName:AnsiString, currentContextMessage:UnicodeString, BackupAlreadyExists:Int32",CallGraph-d1
?Stop@BackupProfileListEntry@ProfileTelemetry@@QEAAXH@Z,0x18003e16e,Microsoft.Windows.Shell.UserProfiles,{9891E0A7-F966-547F-EB21-D98616BF72EE},BackupProfileListEntry,4,0x200000000000,"PartA_PrivTags:UInt64, wilActivity:Struct(String), hresult:UInt32, threadId:UInt32, BackupAlreadyExists:Int32",CallGraph-d1
?StopActivity@BackupProfileListEntry@ProfileTelemetry@@MEAAXXZ,0x18003e252,Microsoft.Windows.Shell.UserProfiles,{9891E0A7-F966-547F-EB21-D98616BF72EE},BackupProfileListEntry,4,0x200000000000,"PartA_PrivTags:UInt64, PartA_PrivTags:UInt64, wilActivity:Struct(NTStatus), hresult:UInt32, fileName:AnsiString, lineNumber:UInt32, module:AnsiString, failureType:UInt32, message:UnicodeString, threadId:UInt32, callContext:AnsiString, originatingContextId:UInt32, originatingContextName:AnsiString, originatingContextMessage:UnicodeString, currentContextId:UInt32, currentContextName:AnsiString, currentContextMessage:UnicodeString",CallGraph-d1
?StopActivity@BackupProfileListEntry@ProfileTelemetry@@MEAAXXZ,0x18003e3b7,Microsoft.Windows.Shell.UserProfiles,{9891E0A7-F966-547F-EB21-D98616BF72EE},BackupProfileListEntry,4,0x200000000000,"PartA_PrivTags:UInt64, wilActivity:Struct(String), hresult:UInt32, threadId:UInt32",CallGraph-d1
?BothPolicyAndUserExclusionListEmpty@ProfileTelemetry@@SAXXZ,0x180033589,Microsoft.Windows.Shell.UserProfiles,{9891E0A7-F966-547F-EB21-D98616BF72EE},BothPolicyAndUserExclusionListEmpty,5,0x0,PartA_PrivTags:UInt64,CallGraph-d1
??$BuildNumbers@AEAKAEAK@CUserProfile_Upgrade@ProfileTelemetry@@QEAAXAEAK0@Z,0x18002fa69,Microsoft.Windows.Shell.UserProfiles,{9891E0A7-F966-547F-EB21-D98616BF72EE},BuildNumbers,5,0x0,"profileNumber:UInt32, buildNumber:UInt32, PartA_PrivTags:UInt64",CallGraph-d1
?StartActivity@CUserProfile_CheckExistingLocalImage@ProfileTelemetry@@QEAAXXZ,0x18000aa1a,Microsoft.Windows.Shell.UserProfiles,{9891E0A7-F966-547F-EB21-D98616BF72EE},CUserProfile_CheckExistingLocalImage,4,0x0,"PartA_PrivTags:UInt64, wilActivity:Struct(NoPrint), threadId:UInt32",CallGraph-d1
?StopActivity@CUserProfile_CheckExistingLocalImage@ProfileTelemetry@@MEAAXXZ,0x1800289ec,Microsoft.Windows.Shell.UserProfiles,{9891E0A7-F966-547F-EB21-D98616BF72EE},CUserProfile_CheckExistingLocalImage,4,0x0,"PartA_PrivTags:UInt64, PartA_PrivTags:UInt64, wilActivity:Struct(Signed), hresult:UInt32, fileName:AnsiString, lineNumber:UInt32, module:AnsiString, failureType:UInt32, message:UnicodeString, threadId:UInt32, callContext:AnsiString, originatingContextId:UInt32, originatingContextName:AnsiString, originatingContextMessage:UnicodeString, currentContextId:UInt32, currentContextName:AnsiString, currentContextMessage:UnicodeString, failureId:UInt32, failureCount:UInt32, function:AnsiString",CallGraph-d1
?StopActivity@CUserProfile_CheckExistingLocalImage@ProfileTelemetry@@MEAAXXZ,0x180028bbe,Microsoft.Windows.Shell.UserProfiles,{9891E0A7-F966-547F-EB21-D98616BF72EE},CUserProfile_CheckExistingLocalImage,4,0x0,"PartA_PrivTags:UInt64, wilActivity:Struct(String), hresult:UInt32, threadId:UInt32",CallGraph-d1
?StopActivity@CUserProfile_CheckExistingLocalImage@ProfileTelemetry@@MEAAXXZ,0x180028bfc,Microsoft.Windows.Shell.UserProfiles,{9891E0A7-F966-547F-EB21-D98616BF72EE},CUserProfile_CheckExistingLocalImage,4,0x0,"PartA_PrivTags:UInt64, wilActivity:Struct(String), hresult:UInt32, threadId:UInt32",CallGraph-d1
?StartActivity@CUserProfile_Load@ProfileTelemetry@@QEAAXXZ,0x180011af4,Microsoft.Windows.Shell.UserProfiles,{9891E0A7-F966-547F-EB21-D98616BF72EE},CUserProfile_Load,4,0x0,"PartA_PrivTags:UInt64, wilActivity:Struct(NoPrint), threadId:UInt32",CallGraph-d1
?StartActivity@CUserProfile_Load@ProfileTelemetry@@QEAAXXZ,0x180011b18,Microsoft.Windows.Shell.UserProfiles,{9891E0A7-F966-547F-EB21-D98616BF72EE},CUserProfile_Load,4,0x0,"PartA_PrivTags:UInt64, wilActivity:Struct(NoPrint), threadId:UInt32",CallGraph-d1
?StopActivity@CUserProfile_Load@ProfileTelemetry@@MEAAXXZ,0x180010462,Microsoft.Windows.Shell.UserProfiles,{9891E0A7-F966-547F-EB21-D98616BF72EE},CUserProfile_Load,4,0x0,"PartA_PrivTags:UInt64, wilActivity:Struct(String), hresult:UInt32, threadId:UInt32",CallGraph-d1
?StopActivity@CUserProfile_Load@ProfileTelemetry@@MEAAXXZ,0x1800104b1,Microsoft.Windows.Shell.UserProfiles,{9891E0A7-F966-547F-EB21-D98616BF72EE},CUserProfile_Load,4,0x0,"PartA_PrivTags:UInt64, wilActivity:Struct(String), hresult:UInt32, threadId:UInt32",CallGraph-d1
?StopActivity@CUserProfile_Load@ProfileTelemetry@@MEAAXXZ,0x18001056f,Microsoft.Windows.Shell.UserProfiles,{9891E0A7-F966-547F-EB21-D98616BF72EE},CUserProfile_Load,4,0x0,"PartA_PrivTags:UInt64, PartA_PrivTags:UInt64, wilActivity:Struct(Signed), hresult:UInt32, fileName:AnsiString, lineNumber:UInt32, module:AnsiString, failureType:UInt32, message:UnicodeString, threadId:UInt32, callContext:AnsiString, originatingContextId:UInt32, originatingContextName:AnsiString, originatingContextMessage:UnicodeString, currentContextId:UInt32, currentContextName:AnsiString, currentContextMessage:UnicodeString, failureId:UInt32, failureCount:UInt32, function:AnsiString",CallGraph-d1
?StartActivity@CUserProfile_Unload@ProfileTelemetry@@QEAAXXZ,0x18001ab8c,Microsoft.Windows.Shell.UserProfiles,{9891E0A7-F966-547F-EB21-D98616BF72EE},CUserProfile_Unload,4,0x0,"PartA_PrivTags:UInt64, wilActivity:Struct(NoPrint), threadId:UInt32",CallGraph-d1
?StartActivity@CUserProfile_Unload@ProfileTelemetry@@QEAAXXZ,0x18001abb0,Microsoft.Windows.Shell.UserProfiles,{9891E0A7-F966-547F-EB21-D98616BF72EE},CUserProfile_Unload,4,0x0,"PartA_PrivTags:UInt64, wilActivity:Struct(NoPrint), threadId:UInt32",CallGraph-d1
?StopActivity@CUserProfile_Unload@ProfileTelemetry@@MEAAXXZ,0x180010152,Microsoft.Windows.Shell.UserProfiles,{9891E0A7-F966-547F-EB21-D98616BF72EE},CUserProfile_Unload,4,0x0,"PartA_PrivTags:UInt64, wilActivity:Struct(String), hresult:UInt32, threadId:UInt32",CallGraph-d1
?StopActivity@CUserProfile_Unload@ProfileTelemetry@@MEAAXXZ,0x1800101a1,Microsoft.Windows.Shell.UserProfiles,{9891E0A7-F966-547F-EB21-D98616BF72EE},CUserProfile_Unload,4,0x0,"PartA_PrivTags:UInt64, wilActivity:Struct(String), hresult:UInt32, threadId:UInt32",CallGraph-d1
?StopActivity@CUserProfile_Unload@ProfileTelemetry@@MEAAXXZ,0x180010251,Microsoft.Windows.Shell.UserProfiles,{9891E0A7-F966-547F-EB21-D98616BF72EE},CUserProfile_Unload,4,0x0,"PartA_PrivTags:UInt64, PartA_PrivTags:UInt64, wilActivity:Struct(Signed), hresult:UInt32, fileName:AnsiString, lineNumber:UInt32, module:AnsiString, failureType:UInt32, message:UnicodeString, threadId:UInt32, callContext:AnsiString, originatingContextId:UInt32, originatingContextName:AnsiString, originatingContextMessage:UnicodeString, currentContextId:UInt32, currentContextName:AnsiString, currentContextMessage:UnicodeString, failureId:UInt32, failureCount:UInt32, function:AnsiString",CallGraph-d1
?StartActivity@CUserProfile_Upgrade@ProfileTelemetry@@QEAAXXZ,0x18000b3aa,Microsoft.Windows.Shell.UserProfiles,{9891E0A7-F966-547F-EB21-D98616BF72EE},CUserProfile_Upgrade,4,0x0,"PartA_PrivTags:UInt64, wilActivity:Struct(NoPrint), threadId:UInt32",CallGraph-d1
?StopActivity@CUserProfile_Upgrade@ProfileTelemetry@@MEAAXXZ,0x180028ce7,Microsoft.Windows.Shell.UserProfiles,{9891E0A7-F966-547F-EB21-D98616BF72EE},CUserProfile_Upgrade,4,0x0,"PartA_PrivTags:UInt64, PartA_PrivTags:UInt64, wilActivity:Struct(Signed), hresult:UInt32, fileName:AnsiString, lineNumber:UInt32, module:AnsiString, failureType:UInt32, message:UnicodeString, threadId:UInt32, callContext:AnsiString, originatingContextId:UInt32, originatingContextName:AnsiString, originatingContextMessage:UnicodeString, currentContextId:UInt32, currentContextName:AnsiString, currentContextMessage:UnicodeString, failureId:UInt32, failureCount:UInt32, function:AnsiString",CallGraph-d1
?StopActivity@CUserProfile_Upgrade@ProfileTelemetry@@MEAAXXZ,0x180028e6f,Microsoft.Windows.Shell.UserProfiles,{9891E0A7-F966-547F-EB21-D98616BF72EE},CUserProfile_Upgrade,4,0x0,"PartA_PrivTags:UInt64, wilActivity:Struct(String), hresult:UInt32, threadId:UInt32",CallGraph-d1
?StartActivity@CheckingNetworkDefaultProfile@ProfileTelemetry@@QEAAXPEBG@Z,0x180042e5b,Microsoft.Windows.Shell.UserProfiles,{9891E0A7-F966-547F-EB21-D98616BF72EE},CheckingNetworkDefaultProfile,5,0x0,"PartA_PrivTags:UInt64, wilActivity:Struct(NoPrint), threadId:UInt32, DefaultPath:UnicodeString",CallGraph-d1
?StopActivity@CheckingNetworkDefaultProfile@ProfileTelemetry@@MEAAXXZ,0x180043337,Microsoft.Windows.Shell.UserProfiles,{9891E0A7-F966-547F-EB21-D98616BF72EE},CheckingNetworkDefaultProfile,5,0x0,"PartA_PrivTags:UInt64, PartA_PrivTags:UInt64, wilActivity:Struct(Signed), hresult:UInt32, fileName:AnsiString, lineNumber:UInt32, module:AnsiString, failureType:UInt32, message:UnicodeString, threadId:UInt32, callContext:AnsiString, originatingContextId:UInt32, originatingContextName:AnsiString, originatingContextMessage:UnicodeString, currentContextId:UInt32, currentContextName:AnsiString, currentContextMessage:UnicodeString, failureId:UInt32, failureCount:UInt32, function:AnsiString",CallGraph-d1
?StopActivity@CheckingNetworkDefaultProfile@ProfileTelemetry@@MEAAXXZ,0x1800434bf,Microsoft.Windows.Shell.UserProfiles,{9891E0A7-F966-547F-EB21-D98616BF72EE},CheckingNetworkDefaultProfile,5,0x0,"PartA_PrivTags:UInt64, wilActivity:Struct(String), hresult:UInt32, threadId:UInt32",CallGraph-d1
?ClassHiveForceUnloadDisabledByPolicy@ProfileTelemetry@@SAXXZ,0x18004c1d1,Microsoft.Windows.Shell.UserProfiles,{9891E0A7-F966-547F-EB21-D98616BF72EE},ClassHiveForceUnloadDisabledByPolicy,3,0x0,PartA_PrivTags:UInt64,CallGraph-d1
?ClassHiveForceUnloaded@ProfileTelemetry@@SAXXZ,0x18004c211,Microsoft.Windows.Shell.UserProfiles,{9891E0A7-F966-547F-EB21-D98616BF72EE},ClassHiveForceUnloaded,3,0x0,PartA_PrivTags:UInt64,CallGraph-d1
?ClassHiveLoadedButNoRegLink@ProfileTelemetry@@SAXXZ,0x18004c251,Microsoft.Windows.Shell.UserProfiles,{9891E0A7-F966-547F-EB21-D98616BF72EE},ClassHiveLoadedButNoRegLink,3,0x0,PartA_PrivTags:UInt64,CallGraph-d1
??$CleanupDeletingProfile@AEAY0BAE@G@ProfileTelemetry@@SAXAEAY0BAE@G@Z,0x180038bf2,Microsoft.Windows.Shell.UserProfiles,{9891E0A7-F966-547F-EB21-D98616BF72EE},CleanupDeletingProfile,5,0x0,"profilePath:UnicodeString, PartA_PrivTags:UInt64",CallGraph-d1
??$DefaultHiveLoadFailure@AEBJ@ProfileTelemetry@@SAXAEBJ@Z,0x18003f31c,Microsoft.Windows.Shell.UserProfiles,{9891E0A7-F966-547F-EB21-D98616BF72EE},DefaultHiveLoadFailure,5,0x400000000000,"hiveLoadResult:UInt32, PartA_PrivTags:UInt64",CallGraph-d1
?StartActivity@DeleteUserProfile@ProfileTelemetry@@QEAAXXZ,0x18003de5e,Microsoft.Windows.Shell.UserProfiles,{9891E0A7-F966-547F-EB21-D98616BF72EE},DeleteUserProfile,5,0x400000000000,"PartA_PrivTags:UInt64, wilActivity:Struct(NoPrint), threadId:UInt32",CallGraph-d1
?StopActivity@DeleteUserProfile@ProfileTelemetry@@MEAAXXZ,0x18003e482,Microsoft.Windows.Shell.UserProfiles,{9891E0A7-F966-547F-EB21-D98616BF72EE},DeleteUserProfile,5,0x400000000000,"PartA_PrivTags:UInt64, PartA_PrivTags:UInt64, wilActivity:Struct(NTStatus), hresult:UInt32, fileName:AnsiString, lineNumber:UInt32, module:AnsiString, failureType:UInt32, message:UnicodeString, threadId:UInt32, callContext:AnsiString, originatingContextId:UInt32, originatingContextName:AnsiString, originatingContextMessage:UnicodeString, currentContextId:UInt32, currentContextName:AnsiString, currentContextMessage:UnicodeString",CallGraph-d1
?StopActivity@DeleteUserProfile@ProfileTelemetry@@MEAAXXZ,0x18003e5e7,Microsoft.Windows.Shell.UserProfiles,{9891E0A7-F966-547F-EB21-D98616BF72EE},DeleteUserProfile,5,0x400000000000,"PartA_PrivTags:UInt64, wilActivity:Struct(String), hresult:UInt32, threadId:UInt32",CallGraph-d1
?DeletingCachedProfile@CUserProfile_Unload@ProfileTelemetry@@QEAAXXZ,0x18004111c,Microsoft.Windows.Shell.UserProfiles,{9891E0A7-F966-547F-EB21-D98616BF72EE},DeletingCachedProfile,5,0x0,PartA_PrivTags:UInt64,CallGraph-d1
?DeletingGuestProfile@CUserProfile_Unload@ProfileTelemetry@@QEAAXXZ,0x18004116c,Microsoft.Windows.Shell.UserProfiles,{9891E0A7-F966-547F-EB21-D98616BF72EE},DeletingGuestProfile,5,0x0,PartA_PrivTags:UInt64,CallGraph-d1
?DeletingTempProfile@CUserProfile_Unload@ProfileTelemetry@@QEAAXXZ,0x1800411bc,Microsoft.Windows.Shell.UserProfiles,{9891E0A7-F966-547F-EB21-D98616BF72EE},DeletingTempProfile,5,0x0,PartA_PrivTags:UInt64,CallGraph-d1
??$ExpandedLocalImagePath@PEBG@CUserProfile_CheckExistingLocalImage@ProfileTelemetry@@QEAAX$$QEAPEBG@Z,0x18000a98d,Microsoft.Windows.Shell.UserProfiles,{9891E0A7-F966-547F-EB21-D98616BF72EE},ExpandedLocalImagePath,5,0x0,"expandedPath:UnicodeString, PartA_PrivTags:UInt64",CallGraph-d1
??$ForceUnloadedHive@PEAG@ProfileTelemetry@@SAX$$QEAPEAG@Z,0x1800337bd,Microsoft.Windows.Shell.UserProfiles,{9891E0A7-F966-547F-EB21-D98616BF72EE},ForceUnloadedHive,3,0x800000000000,"pszMountKey:UnicodeString, PartA_PrivTags:UInt64",CallGraph-d1
??$FoundLocalMandatoryImage@PEBG@CUserProfile_CheckExistingLocalImage@ProfileTelemetry@@QEAAX$$QEAPEBG@Z,0x180032da1,Microsoft.Windows.Shell.UserProfiles,{9891E0A7-F966-547F-EB21-D98616BF72EE},FoundLocalMandatoryImage,4,0x0,"expandedPath:UnicodeString, PartA_PrivTags:UInt64",CallGraph-d1
??$FoundLocalProfileImage@PEBG@CUserProfile_CheckExistingLocalImage@ProfileTelemetry@@QEAAX$$QEAPEBG@Z,0x18002ffd5,Microsoft.Windows.Shell.UserProfiles,{9891E0A7-F966-547F-EB21-D98616BF72EE},FoundLocalProfileImage,4,0x0,"expandedPath:UnicodeString, PartA_PrivTags:UInt64",CallGraph-d1
?HiveLeakDetected@UnmountRegHiveFromPath@ProfileTelemetry@@QEAAXXZ,0x180033310,Microsoft.Windows.Shell.UserProfiles,{9891E0A7-F966-547F-EB21-D98616BF72EE},HiveLeakDetected,3,0x0,PartA_PrivTags:UInt64,CallGraph-d1
?HiveStillBeingLoadedNoDelete@CUserProfile_Unload@ProfileTelemetry@@QEAAXXZ,0x18003384c,Microsoft.Windows.Shell.UserProfiles,{9891E0A7-F966-547F-EB21-D98616BF72EE},HiveStillBeingLoadedNoDelete,3,0x0,PartA_PrivTags:UInt64,CallGraph-d1
??$IsProfileLoadedAlready@AEAH@CUserProfile_Load@ProfileTelemetry@@QEAAXAEAH@Z,0x18002bd05,Microsoft.Windows.Shell.UserProfiles,{9891E0A7-F966-547F-EB21-D98616BF72EE},IsProfileLoadedAlready,4,0x0,"isLoaded:UInt8(Boolean), PartA_PrivTags:UInt64",CallGraph-d1
??$IsProfileLoadedAlready@AEAH@CUserProfile_Load@ProfileTelemetry@@QEAAXAEAH@Z,0x18002bd48,Microsoft.Windows.Shell.UserProfiles,{9891E0A7-F966-547F-EB21-D98616BF72EE},IsProfileLoadedAlready,4,0x0,"isLoaded:UInt8(Boolean), PartA_PrivTags:UInt64",CallGraph-d1
??$IsUserAnAdmin@AEBH@RestoreUserProfile@ProfileTelemetry@@QEAAXAEBH@Z,0x18001d61d,Microsoft.Windows.Shell.UserProfiles,{9891E0A7-F966-547F-EB21-D98616BF72EE},IsUserAnAdmin,5,0x0,"isAdmin:UInt8(Boolean), PartA_PrivTags:UInt64",CallGraph-d1
??$IsUserAnAdmin@AEBH@RestoreUserProfile@ProfileTelemetry@@QEAAXAEBH@Z,0x18001d660,Microsoft.Windows.Shell.UserProfiles,{9891E0A7-F966-547F-EB21-D98616BF72EE},IsUserAnAdmin,5,0x0,"isAdmin:UInt8(Boolean), PartA_PrivTags:UInt64",CallGraph-d1
?StartActivity@IssueDefaultProfile@ProfileTelemetry@@QEAAXXZ,0x180042f0e,Microsoft.Windows.Shell.UserProfiles,{9891E0A7-F966-547F-EB21-D98616BF72EE},IssueDefaultProfile,4,0x0,"PartA_PrivTags:UInt64, wilActivity:Struct(NoPrint), threadId:UInt32",CallGraph-d1
?StopActivity@IssueDefaultProfile@ProfileTelemetry@@MEAAXXZ,0x180043577,Microsoft.Windows.Shell.UserProfiles,{9891E0A7-F966-547F-EB21-D98616BF72EE},IssueDefaultProfile,4,0x0,"PartA_PrivTags:UInt64, PartA_PrivTags:UInt64, wilActivity:Struct(Signed), hresult:UInt32, fileName:AnsiString, lineNumber:UInt32, module:AnsiString, failureType:UInt32, message:UnicodeString, threadId:UInt32, callContext:AnsiString, originatingContextId:UInt32, originatingContextName:AnsiString, originatingContextMessage:UnicodeString, currentContextId:UInt32, currentContextName:AnsiString, currentContextMessage:UnicodeString, failureId:UInt32, failureCount:UInt32, function:AnsiString",CallGraph-d1
?StopActivity@IssueDefaultProfile@ProfileTelemetry@@MEAAXXZ,0x1800436ff,Microsoft.Windows.Shell.UserProfiles,{9891E0A7-F966-547F-EB21-D98616BF72EE},IssueDefaultProfile,4,0x0,"PartA_PrivTags:UInt64, wilActivity:Struct(String), hresult:UInt32, threadId:UInt32",CallGraph-d1
?StartActivity@IssueTempProfile@ProfileTelemetry@@QEAAXXZ,0x180030d20,Microsoft.Windows.Shell.UserProfiles,{9891E0A7-F966-547F-EB21-D98616BF72EE},IssueTempProfile,1,0x400000000000,"PartA_PrivTags:UInt64, wilActivity:Struct(NoPrint), threadId:UInt32",CallGraph-d1
?StopActivity@IssueTempProfile@ProfileTelemetry@@MEAAXXZ,0x1800437d2,Microsoft.Windows.Shell.UserProfiles,{9891E0A7-F966-547F-EB21-D98616BF72EE},IssueTempProfile,1,0x400000000000,"PartA_PrivTags:UInt64, PartA_PrivTags:UInt64, wilActivity:Struct(NTStatus), hresult:UInt32, fileName:AnsiString, lineNumber:UInt32, module:AnsiString, failureType:UInt32, message:UnicodeString, threadId:UInt32, callContext:AnsiString, originatingContextId:UInt32, originatingContextName:AnsiString, originatingContextMessage:UnicodeString, currentContextId:UInt32, currentContextName:AnsiString, currentContextMessage:UnicodeString",CallGraph-d1
?StopActivity@IssueTempProfile@ProfileTelemetry@@MEAAXXZ,0x180043937,Microsoft.Windows.Shell.UserProfiles,{9891E0A7-F966-547F-EB21-D98616BF72EE},IssueTempProfile,1,0x400000000000,"PartA_PrivTags:UInt64, wilActivity:Struct(String), hresult:UInt32, threadId:UInt32",CallGraph-d1
?IssuingDefaultProfile@UseLocalProfile@ProfileTelemetry@@QEAAXXZ,0x180041b18,Microsoft.Windows.Shell.UserProfiles,{9891E0A7-F966-547F-EB21-D98616BF72EE},IssuingDefaultProfile,5,0x0,PartA_PrivTags:UInt64,CallGraph-d1
?LoadFailedAllowAdminOverride@CUserProfile_Load@ProfileTelemetry@@QEAAXXZ,0x180041b68,Microsoft.Windows.Shell.UserProfiles,{9891E0A7-F966-547F-EB21-D98616BF72EE},LoadFailedAllowAdminOverride,3,0x0,PartA_PrivTags:UInt64,CallGraph-d1
??$LoadHKCRFailure@JAEAY0DK@$$CBGAEAY00$$CBG@ProfileTelemetry@@SAX$$QEAJAEAY0DK@$$CBGAEAY00$$CBG@Z,0x18003365f,Microsoft.Windows.Shell.UserProfiles,{9891E0A7-F966-547F-EB21-D98616BF72EE},LoadHKCRFailure,5,0x400000000000,"hresult:Int32, pszMessage:UnicodeString, pszNote:UnicodeString, PartA_PrivTags:UInt64",CallGraph-d1
??$LoadRetryLoop@AEA_NAEAKAEAK@ProfileTelemetry@@SAXAEA_NAEAK1@Z,0x180030109,Microsoft.Windows.Shell.UserProfiles,{9891E0A7-F966-547F-EB21-D98616BF72EE},LoadRetryLoop,5,0x400000000000,"tempIssued:Int32, numIterations:UInt32, delayInMS:UInt32, PartA_PrivTags:UInt64",CallGraph-d1
??$MergedPolicyAndUserList@PEBG@ProfileTelemetry@@SAX$$QEAPEBG@Z,0x18004c6f6,Microsoft.Windows.Shell.UserProfiles,{9891E0A7-F966-547F-EB21-D98616BF72EE},MergedPolicyAndUserList,5,0x0,"mergedList:UnicodeString, PartA_PrivTags:UInt64",CallGraph-d1
?StartActivity@MountRegHive@ProfileTelemetry@@QEAAXPEBG@Z,0x18001ba5f,Microsoft.Windows.Shell.UserProfiles,{9891E0A7-F966-547F-EB21-D98616BF72EE},MountRegHive,4,0x0,"PartA_PrivTags:UInt64, wilActivity:Struct(NoPrint), threadId:UInt32, SubKey:UnicodeString",CallGraph-d1
?StopActivity@MountRegHive@ProfileTelemetry@@MEAAXXZ,0x180028547,Microsoft.Windows.Shell.UserProfiles,{9891E0A7-F966-547F-EB21-D98616BF72EE},MountRegHive,4,0x0,"PartA_PrivTags:UInt64, PartA_PrivTags:UInt64, wilActivity:Struct(Signed), hresult:UInt32, fileName:AnsiString, lineNumber:UInt32, module:AnsiString, failureType:UInt32, message:UnicodeString, threadId:UInt32, callContext:AnsiString, originatingContextId:UInt32, originatingContextName:AnsiString, originatingContextMessage:UnicodeString, currentContextId:UInt32, currentContextName:AnsiString, currentContextMessage:UnicodeString, failureId:UInt32, failureCount:UInt32, function:AnsiString",CallGraph-d1
?StopActivity@MountRegHive@ProfileTelemetry@@MEAAXXZ,0x1800286cf,Microsoft.Windows.Shell.UserProfiles,{9891E0A7-F966-547F-EB21-D98616BF72EE},MountRegHive,4,0x0,"PartA_PrivTags:UInt64, wilActivity:Struct(String), hresult:UInt32, threadId:UInt32",CallGraph-d1
??$PolicyListEmptyUseUserList@PEBG@ProfileTelemetry@@SAX$$QEAPEBG@Z,0x1800272a2,Microsoft.Windows.Shell.UserProfiles,{9891E0A7-F966-547F-EB21-D98616BF72EE},PolicyListEmptyUseUserList,5,0x0,"userList:UnicodeString, PartA_PrivTags:UInt64",CallGraph-d1
??$ProfileListBackupKeyRestored@PEBG@ProfileTelemetry@@SAX$$QEAPEBG@Z,0x18003f3ee,Microsoft.Windows.Shell.UserProfiles,{9891E0A7-F966-547F-EB21-D98616BF72EE},ProfileListBackupKeyRestored,4,0x0,"profileListKeyName:UnicodeString, PartA_PrivTags:UInt64",CallGraph-d1
?ProfilePartlyLoaded@CUserProfile_CheckExistingLocalImage@ProfileTelemetry@@QEAAXXZ,0x18004263c,Microsoft.Windows.Shell.UserProfiles,{9891E0A7-F966-547F-EB21-D98616BF72EE},ProfilePartlyLoaded,3,0x0,PartA_PrivTags:UInt64,CallGraph-d1
??$ProfileQuotaEnabled@AEAK@ProfileTelemetry@@SAXAEAK@Z,0x18003f445,Microsoft.Windows.Shell.UserProfiles,{9891E0A7-F966-547F-EB21-D98616BF72EE},ProfileQuotaEnabled,5,0x0,"limitInKB:UInt32, PartA_PrivTags:UInt64",CallGraph-d1
?StartActivity@RecordHiveList@ProfileTelemetry@@QEAAXXZ,0x18004f053,Microsoft.Windows.Shell.UserProfiles,{9891E0A7-F966-547F-EB21-D98616BF72EE},RecordHiveList,4,0x200000000000,"PartA_PrivTags:UInt64, wilActivity:Struct(NoPrint), threadId:UInt32",CallGraph-d1
?Stop@RecordHiveList@ProfileTelemetry@@QEAAXPEBG@Z,0x18004f105,Microsoft.Windows.Shell.UserProfiles,{9891E0A7-F966-547F-EB21-D98616BF72EE},RecordHiveList,4,0x200000000000,"PartA_PrivTags:UInt64, PartA_PrivTags:UInt64, wilActivity:Struct(NTStatus), hresult:UInt32, fileName:AnsiString, lineNumber:UInt32, module:AnsiString, failureType:UInt32, message:UnicodeString, threadId:UInt32, callContext:AnsiString, originatingContextId:UInt32, originatingContextName:AnsiString, originatingContextMessage:UnicodeString, currentContextId:UInt32, currentContextName:AnsiString, currentContextMessage:UnicodeString, HiveListInfo:UnicodeString",CallGraph-d1
?Stop@RecordHiveList@ProfileTelemetry@@QEAAXPEBG@Z,0x18004f285,Microsoft.Windows.Shell.UserProfiles,{9891E0A7-F966-547F-EB21-D98616BF72EE},RecordHiveList,4,0x200000000000,"PartA_PrivTags:UInt64, wilActivity:Struct(String), hresult:UInt32, threadId:UInt32, HiveListInfo:UnicodeString",CallGraph-d1
?StopActivity@RecordHiveList@ProfileTelemetry@@MEAAXXZ,0x18004f362,Microsoft.Windows.Shell.UserProfiles,{9891E0A7-F966-547F-EB21-D98616BF72EE},RecordHiveList,4,0x200000000000,"PartA_PrivTags:UInt64, PartA_PrivTags:UInt64, wilActivity:Struct(NTStatus), hresult:UInt32, fileName:AnsiString, lineNumber:UInt32, module:AnsiString, failureType:UInt32, message:UnicodeString, threadId:UInt32, callContext:AnsiString, originatingContextId:UInt32, originatingContextName:AnsiString, originatingContextMessage:UnicodeString, currentContextId:UInt32, currentContextName:AnsiString, currentContextMessage:UnicodeString",CallGraph-d1
?StopActivity@RecordHiveList@ProfileTelemetry@@MEAAXXZ,0x18004f4cb,Microsoft.Windows.Shell.UserProfiles,{9891E0A7-F966-547F-EB21-D98616BF72EE},RecordHiveList,4,0x200000000000,"PartA_PrivTags:UInt64, wilActivity:Struct(String), hresult:UInt32, threadId:UInt32",CallGraph-d1
??$RecordInterferingProcessViaRegistry@PEBGAEAKAEAPEBG@ProfileTelemetry@@SAX$$QEAPEBGAEAKAEAPEBG@Z,0x18004874a,Microsoft.Windows.Shell.UserProfiles,{9891E0A7-F966-547F-EB21-D98616BF72EE},RecordInterferingProcessViaRegistry,3,0x400000000000,"pszProcess:UnicodeString, pid:UInt32, pszKeyName:UnicodeString, PartA_PrivTags:UInt64",CallGraph-d1
??$RefCountDecremented@AEAK@CUserProfile_Unload@ProfileTelemetry@@QEAAXAEAK@Z,0x18002b032,Microsoft.Windows.Shell.UserProfiles,{9891E0A7-F966-547F-EB21-D98616BF72EE},RefCountDecremented,5,0x0,"refCount:UInt32, PartA_PrivTags:UInt64",CallGraph-d1
??$RefCountDecremented@AEAK@CUserProfile_Unload@ProfileTelemetry@@QEAAXAEAK@Z,0x18002b074,Microsoft.Windows.Shell.UserProfiles,{9891E0A7-F966-547F-EB21-D98616BF72EE},RefCountDecremented,5,0x0,"refCount:UInt32, PartA_PrivTags:UInt64",CallGraph-d1
??$RefCountIncremented@AEAK@CUserProfile_Load@ProfileTelemetry@@QEAAXAEAK@Z,0x18002b6c2,Microsoft.Windows.Shell.UserProfiles,{9891E0A7-F966-547F-EB21-D98616BF72EE},RefCountIncremented,5,0x0,"refCount:UInt32, PartA_PrivTags:UInt64",CallGraph-d1
??$RefCountIncremented@AEAK@CUserProfile_Load@ProfileTelemetry@@QEAAXAEAK@Z,0x18002b704,Microsoft.Windows.Shell.UserProfiles,{9891E0A7-F966-547F-EB21-D98616BF72EE},RefCountIncremented,5,0x0,"refCount:UInt32, PartA_PrivTags:UInt64",CallGraph-d1
?StartActivity@RemoveInheritedACLFromHKU@ProfileTelemetry@@QEAAXXZ,0x180042fb0,Microsoft.Windows.Shell.UserProfiles,{9891E0A7-F966-547F-EB21-D98616BF72EE},RemoveInheritedACLFromHKU,4,0x400000000000,"PartA_PrivTags:UInt64, wilActivity:Struct(NoPrint), threadId:UInt32",CallGraph-d1
?StopActivity@RemoveInheritedACLFromHKU@ProfileTelemetry@@MEAAXXZ,0x180043a02,Microsoft.Windows.Shell.UserProfiles,{9891E0A7-F966-547F-EB21-D98616BF72EE},RemoveInheritedACLFromHKU,4,0x400000000000,"PartA_PrivTags:UInt64, PartA_PrivTags:UInt64, wilActivity:Struct(NTStatus), hresult:UInt32, fileName:AnsiString, lineNumber:UInt32, module:AnsiString, failureType:UInt32, message:UnicodeString, threadId:UInt32, callContext:AnsiString, originatingContextId:UInt32, originatingContextName:AnsiString, originatingContextMessage:UnicodeString, currentContextId:UInt32, currentContextName:AnsiString, currentContextMessage:UnicodeString",CallGraph-d1
?StopActivity@RemoveInheritedACLFromHKU@ProfileTelemetry@@MEAAXXZ,0x180043b67,Microsoft.Windows.Shell.UserProfiles,{9891E0A7-F966-547F-EB21-D98616BF72EE},RemoveInheritedACLFromHKU,4,0x400000000000,"PartA_PrivTags:UInt64, wilActivity:Struct(String), hresult:UInt32, threadId:UInt32",CallGraph-d1
?StartActivity@RestoreUserProfile@ProfileTelemetry@@QEAAXXZ,0x18001dbf5,Microsoft.Windows.Shell.UserProfiles,{9891E0A7-F966-547F-EB21-D98616BF72EE},RestoreUserProfile,4,0x400000000000,"PartA_PrivTags:UInt64, wilActivity:Struct(NoPrint), threadId:UInt32",CallGraph-d1
?StartActivity@RestoreUserProfile@ProfileTelemetry@@QEAAXXZ,0x18001dc18,Microsoft.Windows.Shell.UserProfiles,{9891E0A7-F966-547F-EB21-D98616BF72EE},RestoreUserProfile,4,0x400000000000,"PartA_PrivTags:UInt64, wilActivity:Struct(NoPrint), threadId:UInt32",CallGraph-d1
?Stop@RestoreUserProfile@ProfileTelemetry@@QEAAXH@Z,0x1800325fc,Microsoft.Windows.Shell.UserProfiles,{9891E0A7-F966-547F-EB21-D98616BF72EE},RestoreUserProfile,4,0x400000000000,"PartA_PrivTags:UInt64, PartA_PrivTags:UInt64, wilActivity:Struct(NTStatus), hresult:UInt32, fileName:AnsiString, lineNumber:UInt32, module:AnsiString, failureType:UInt32, message:UnicodeString, threadId:UInt32, callContext:AnsiString, originatingContextId:UInt32, originatingContextName:AnsiString, originatingContextMessage:UnicodeString, currentContextId:UInt32, currentContextName:AnsiString, currentContextMessage:UnicodeString, TempProfile:Int32",CallGraph-d1
?Stop@RestoreUserProfile@ProfileTelemetry@@QEAAXH@Z,0x180032776,Microsoft.Windows.Shell.UserProfiles,{9891E0A7-F966-547F-EB21-D98616BF72EE},RestoreUserProfile,4,0x400000000000,"PartA_PrivTags:UInt64, wilActivity:Struct(String), hresult:UInt32, threadId:UInt32, TempProfile:Int32",CallGraph-d1
?StopActivity@RestoreUserProfile@ProfileTelemetry@@MEAAXXZ,0x180043c32,Microsoft.Windows.Shell.UserProfiles,{9891E0A7-F966-547F-EB21-D98616BF72EE},RestoreUserProfile,4,0x400000000000,"PartA_PrivTags:UInt64, PartA_PrivTags:UInt64, wilActivity:Struct(NTStatus), hresult:UInt32, fileName:AnsiString, lineNumber:UInt32, module:AnsiString, failureType:UInt32, message:UnicodeString, threadId:UInt32, callContext:AnsiString, originatingContextId:UInt32, originatingContextName:AnsiString, originatingContextMessage:UnicodeString, currentContextId:UInt32, currentContextName:AnsiString, currentContextMessage:UnicodeString",CallGraph-d1
?StopActivity@RestoreUserProfile@ProfileTelemetry@@MEAAXXZ,0x180043d97,Microsoft.Windows.Shell.UserProfiles,{9891E0A7-F966-547F-EB21-D98616BF72EE},RestoreUserProfile,4,0x400000000000,"PartA_PrivTags:UInt64, wilActivity:Struct(String), hresult:UInt32, threadId:UInt32",CallGraph-d1
??$RoamingVersionKeyFound@AEAPEBGAEAK@ProfileTelemetry@@SAXAEAPEBGAEAK@Z,0x18004c839,Microsoft.Windows.Shell.UserProfiles,{9891E0A7-F966-547F-EB21-D98616BF72EE},RoamingVersionKeyFound,5,0x0,"pathExtension:UnicodeString, value:UInt32, PartA_PrivTags:UInt64",CallGraph-d1
?SubkeyDoesntExist@UnmountRegHiveFromPath@ProfileTelemetry@@QEAAXXZ,0x1800338ec,Microsoft.Windows.Shell.UserProfiles,{9891E0A7-F966-547F-EB21-D98616BF72EE},SubkeyDoesntExist,5,0x0,PartA_PrivTags:UInt64,CallGraph-d1
?SubkeyForceUnloaded@UnmountRegHiveFromPath@ProfileTelemetry@@QEAAXXZ,0x18001b978,Microsoft.Windows.Shell.UserProfiles,{9891E0A7-F966-547F-EB21-D98616BF72EE},SubkeyForceUnloaded,3,0x0,PartA_PrivTags:UInt64,CallGraph-d1
?SubkeyForceUnloaded@UnmountRegHiveFromPath@ProfileTelemetry@@QEAAXXZ,0x18001b9a6,Microsoft.Windows.Shell.UserProfiles,{9891E0A7-F966-547F-EB21-D98616BF72EE},SubkeyForceUnloaded,3,0x0,PartA_PrivTags:UInt64,CallGraph-d1
?SuperMandatoryProfileSpecified@ProfileTelemetry@@SAXXZ,0x180044041,Microsoft.Windows.Shell.UserProfiles,{9891E0A7-F966-547F-EB21-D98616BF72EE},SuperMandatoryProfileSpecified,4,0x0,PartA_PrivTags:UInt64,CallGraph-d1
?TreatingProfileAsNew@CUserProfile_CheckExistingLocalImage@ProfileTelemetry@@QEAAXXZ,0x180044084,Microsoft.Windows.Shell.UserProfiles,{9891E0A7-F966-547F-EB21-D98616BF72EE},TreatingProfileAsNew,3,0x0,PartA_PrivTags:UInt64,CallGraph-d1
?UnloadedKeyFirstTry@UnmountRegHiveFromPath@ProfileTelemetry@@QEAAXXZ,0x18003389c,Microsoft.Windows.Shell.UserProfiles,{9891E0A7-F966-547F-EB21-D98616BF72EE},UnloadedKeyFirstTry,5,0x0,PartA_PrivTags:UInt64,CallGraph-d1
?StartActivity@UnmountRegHive@ProfileTelemetry@@QEAAXPEBG@Z,0x18001a9e6,Microsoft.Windows.Shell.UserProfiles,{9891E0A7-F966-547F-EB21-D98616BF72EE},UnmountRegHive,4,0x0,"PartA_PrivTags:UInt64, wilActivity:Struct(NoPrint), threadId:UInt32, SubKey:UnicodeString",CallGraph-d1
?StartActivity@UnmountRegHive@ProfileTelemetry@@QEAAXPEBG@Z,0x18001aa20,Microsoft.Windows.Shell.UserProfiles,{9891E0A7-F966-547F-EB21-D98616BF72EE},UnmountRegHive,4,0x0,"PartA_PrivTags:UInt64, wilActivity:Struct(NoPrint), threadId:UInt32, SubKey:UnicodeString",CallGraph-d1
?StopActivity@UnmountRegHive@ProfileTelemetry@@MEAAXXZ,0x180028787,Microsoft.Windows.Shell.UserProfiles,{9891E0A7-F966-547F-EB21-D98616BF72EE},UnmountRegHive,4,0x0,"PartA_PrivTags:UInt64, PartA_PrivTags:UInt64, wilActivity:Struct(Signed), hresult:UInt32, fileName:AnsiString, lineNumber:UInt32, module:AnsiString, failureType:UInt32, message:UnicodeString, threadId:UInt32, callContext:AnsiString, originatingContextId:UInt32, originatingContextName:AnsiString, originatingContextMessage:UnicodeString, currentContextId:UInt32, currentContextName:AnsiString, currentContextMessage:UnicodeString, failureId:UInt32, failureCount:UInt32, function:AnsiString",CallGraph-d1
?StopActivity@UnmountRegHive@ProfileTelemetry@@MEAAXXZ,0x18002890f,Microsoft.Windows.Shell.UserProfiles,{9891E0A7-F966-547F-EB21-D98616BF72EE},UnmountRegHive,4,0x0,"PartA_PrivTags:UInt64, wilActivity:Struct(String), hresult:UInt32, threadId:UInt32",CallGraph-d1
?StartActivity@UnmountRegHiveFromPath@ProfileTelemetry@@QEAAXPEBG@Z,0x18001b347,Microsoft.Windows.Shell.UserProfiles,{9891E0A7-F966-547F-EB21-D98616BF72EE},UnmountRegHiveFromPath,4,0x0,"PartA_PrivTags:UInt64, wilActivity:Struct(NoPrint), threadId:UInt32, SubKey:UnicodeString",CallGraph-d1
?StopActivity@UnmountRegHiveFromPath@ProfileTelemetry@@MEAAXXZ,0x180028307,Microsoft.Windows.Shell.UserProfiles,{9891E0A7-F966-547F-EB21-D98616BF72EE},UnmountRegHiveFromPath,4,0x0,"PartA_PrivTags:UInt64, PartA_PrivTags:UInt64, wilActivity:Struct(Signed), hresult:UInt32, fileName:AnsiString, lineNumber:UInt32, module:AnsiString, failureType:UInt32, message:UnicodeString, threadId:UInt32, callContext:AnsiString, originatingContextId:UInt32, originatingContextName:AnsiString, originatingContextMessage:UnicodeString, currentContextId:UInt32, currentContextName:AnsiString, currentContextMessage:UnicodeString, failureId:UInt32, failureCount:UInt32, function:AnsiString",CallGraph-d1
?StopActivity@UnmountRegHiveFromPath@ProfileTelemetry@@MEAAXXZ,0x18002848f,Microsoft.Windows.Shell.UserProfiles,{9891E0A7-F966-547F-EB21-D98616BF72EE},UnmountRegHiveFromPath,4,0x0,"PartA_PrivTags:UInt64, wilActivity:Struct(String), hresult:UInt32, threadId:UInt32",CallGraph-d1
?StartActivity@UseLocalProfile@ProfileTelemetry@@QEAAXXZ,0x18001bd65,Microsoft.Windows.Shell.UserProfiles,{9891E0A7-F966-547F-EB21-D98616BF72EE},UseLocalProfile,4,0x400000000000,"PartA_PrivTags:UInt64, wilActivity:Struct(NoPrint), threadId:UInt32",CallGraph-d1
?StartActivity@UseLocalProfile@ProfileTelemetry@@QEAAXXZ,0x18001bd88,Microsoft.Windows.Shell.UserProfiles,{9891E0A7-F966-547F-EB21-D98616BF72EE},UseLocalProfile,4,0x400000000000,"PartA_PrivTags:UInt64, wilActivity:Struct(NoPrint), threadId:UInt32",CallGraph-d1
?StopActivity@UseLocalProfile@ProfileTelemetry@@MEAAXXZ,0x180043e62,Microsoft.Windows.Shell.UserProfiles,{9891E0A7-F966-547F-EB21-D98616BF72EE},UseLocalProfile,4,0x400000000000,"PartA_PrivTags:UInt64, PartA_PrivTags:UInt64, wilActivity:Struct(NTStatus), hresult:UInt32, fileName:AnsiString, lineNumber:UInt32, module:AnsiString, failureType:UInt32, message:UnicodeString, threadId:UInt32, callContext:AnsiString, originatingContextId:UInt32, originatingContextName:AnsiString, originatingContextMessage:UnicodeString, currentContextId:UInt32, currentContextName:AnsiString, currentContextMessage:UnicodeString",CallGraph-d1
?StopActivity@UseLocalProfile@ProfileTelemetry@@MEAAXXZ,0x180043fc7,Microsoft.Windows.Shell.UserProfiles,{9891E0A7-F966-547F-EB21-D98616BF72EE},UseLocalProfile,4,0x400000000000,"PartA_PrivTags:UInt64, wilActivity:Struct(String), hresult:UInt32, threadId:UInt32",CallGraph-d1
??$UserListEmptyUsePolicyList@PEAG@ProfileTelemetry@@SAX$$QEAPEAG@Z,0x18004c876,Microsoft.Windows.Shell.UserProfiles,{9891E0A7-F966-547F-EB21-D98616BF72EE},UserListEmptyUsePolicyList,5,0x0,"policyList:UnicodeString, PartA_PrivTags:UInt64",CallGraph-d1
?UserSidChangeOnRedirectedProfileList@ProfileTelemetry@@SAXXZ,0x1800440ea,Microsoft.Windows.Shell.UserProfiles,{9891E0A7-F966-547F-EB21-D98616BF72EE},UserSidChangeOnRedirectedProfileList,5,0x200000000000,PartA_PrivTags:UInt64,CallGraph-d1
?NotifyFailure@?$ActivityBase@VStorageReserveProvider@Internal@StorageReserveTelemetry@@$00$0EAAAAAAAAAAA@$04$0BAAAAAA@U_TlgReflectorTag_Param0IsProviderType@@@wil@@UEAA_NAEBUFailureInfo@2@@Z,0x1800522fb,Microsoft.Windows.Storage.StorageReserve,{057597DF-6FD8-438B-BF6D-190CBF0A914C},ActivityError,2,0x600000000000,"PartA_PrivTags:UInt64, wilActivity:Struct(NTStatus), hresult:UInt32, fileName:AnsiString, lineNumber:UInt32, module:AnsiString, failureType:UInt32, message:UnicodeString, threadId:UInt32, callContext:AnsiString, originatingContextId:UInt32, originatingContextName:AnsiString, originatingContextMessage:UnicodeString, currentContextId:UInt32, currentContextName:AnsiString, currentContextMessage:UnicodeString",CallGraph-d2
?NotifyFailure@?$ActivityBase@VStorageReserveProvider@Internal@StorageReserveTelemetry@@$00$0EAAAAAAAAAAA@$04$0BAAAAAA@U_TlgReflectorTag_Param0IsProviderType@@@wil@@UEAA_NAEBUFailureInfo@2@@Z,0x18005247b,Microsoft.Windows.Storage.StorageReserve,{057597DF-6FD8-438B-BF6D-190CBF0A914C},ActivityError,2,0x400000000000,"PartA_PrivTags:UInt64, wilActivity:Struct(Signed), hresult:UInt32, fileName:AnsiString, lineNumber:UInt32, module:AnsiString, failureType:UInt32, message:UnicodeString, threadId:UInt32, callContext:AnsiString, originatingContextId:UInt32, originatingContextName:AnsiString, originatingContextMessage:UnicodeString, currentContextId:UInt32, currentContextName:AnsiString, currentContextMessage:UnicodeString, failureId:UInt32, failureCount:UInt32, function:AnsiString",CallGraph-d2
?StartActivity@SetReserveAreaOnFileTree@SRProvider@Internal@StorageReserveTelemetry@@QEAAXXZ,0x180020afa,Microsoft.Windows.Storage.StorageReserve,{057597DF-6FD8-438B-BF6D-190CBF0A914C},SetReserveAreaOnFileTree,5,0x400000000000,"PartA_PrivTags:UInt64, wilActivity:Struct(NoPrint), threadId:UInt32",CallGraph-d2
?Stop@SetReserveAreaOnFileTree@SRProvider@Internal@StorageReserveTelemetry@@QEAAXPEBGGJ@Z,0x180020d96,Microsoft.Windows.Storage.StorageReserve,{057597DF-6FD8-438B-BF6D-190CBF0A914C},SetReserveAreaOnFileTree,5,0x400000000000,"PartA_PrivTags:UInt64, wilActivity:Struct(String), hresult:UInt32, threadId:UInt32, Path:UnicodeString, AreaID:UInt16, HResult:Int32(HResult)",CallGraph-d2
?Stop@SetReserveAreaOnFileTree@SRProvider@Internal@StorageReserveTelemetry@@QEAAXPEBGGJ@Z,0x180020f59,Microsoft.Windows.Storage.StorageReserve,{057597DF-6FD8-438B-BF6D-190CBF0A914C},SetReserveAreaOnFileTree,5,0x400000000000,"PartA_PrivTags:UInt64, PartA_PrivTags:UInt64, wilActivity:Struct(NTStatus), hresult:UInt32, fileName:AnsiString, lineNumber:UInt32, module:AnsiString, failureType:UInt32, message:UnicodeString, threadId:UInt32, callContext:AnsiString, originatingContextId:UInt32, originatingContextName:AnsiString, originatingContextMessage:UnicodeString, currentContextId:UInt32, currentContextName:AnsiString, currentContextMessage:UnicodeString, Path:UnicodeString, AreaID:UInt16, HResult:Int32(HResult)",CallGraph-d2
?StopActivity@SetReserveAreaOnFileTree@SRProvider@Internal@StorageReserveTelemetry@@MEAAXXZ,0x1800528b2,Microsoft.Windows.Storage.StorageReserve,{057597DF-6FD8-438B-BF6D-190CBF0A914C},SetReserveAreaOnFileTree,5,0x400000000000,"PartA_PrivTags:UInt64, PartA_PrivTags:UInt64, wilActivity:Struct(NTStatus), hresult:UInt32, fileName:AnsiString, lineNumber:UInt32, module:AnsiString, failureType:UInt32, message:UnicodeString, threadId:UInt32, callContext:AnsiString, originatingContextId:UInt32, originatingContextName:AnsiString, originatingContextMessage:UnicodeString, currentContextId:UInt32, currentContextName:AnsiString, currentContextMessage:UnicodeString",CallGraph-d2
?StopActivity@SetReserveAreaOnFileTree@SRProvider@Internal@StorageReserveTelemetry@@MEAAXXZ,0x180052a17,Microsoft.Windows.Storage.StorageReserve,{057597DF-6FD8-438B-BF6D-190CBF0A914C},SetReserveAreaOnFileTree,5,0x400000000000,"PartA_PrivTags:UInt64, wilActivity:Struct(String), hresult:UInt32, threadId:UInt32",CallGraph-d2
?HardlinkStats_@SRProvider@Internal@StorageReserveTelemetry@@QEAAXEIIII@Z,0x180052064,Microsoft.Windows.Storage.StorageReserve,{057597DF-6FD8-438B-BF6D-190CBF0A914C},StorageReserveHardLinkStats,5,0x800000000000,"PartA_PrivTags:UInt64, IsDelete:UInt8(Boolean), HardlinkDelCount:UInt32, DirCount:UInt32, FileDelCount:UInt32, SkipDelCount:UInt32",CallGraph-d2
??$_tlgWriteActivityAutoStop@$0A@$03@@YAXPEBU_tlgProvider_t@@PEBU_GUID@@@Z,0x18003f494,Unknown,Unknown,ActivityStoppedAutomatically,4,0x0,(none),Unresolved
??$_tlgWriteActivityAutoStop@$0A@$04@@YAXPEBU_tlgProvider_t@@PEBU_GUID@@@Z,0x18003f4b8,Unknown,Unknown,ActivityStoppedAutomatically,5,0x0,(none),Unresolved
??$_tlgWriteActivityAutoStop@$0CAAAAAAAAAAA@$03@@YAXPEBU_tlgProvider_t@@PEBU_GUID@@@Z,0x180032282,Unknown,Unknown,ActivityStoppedAutomatically,4,0x200000000000,(none),Unresolved
??$_tlgWriteActivityAutoStop@$0EAAAAAAAAAAA@$00@@YAXPEBU_tlgProvider_t@@PEBU_GUID@@@Z,0x18003f4f2,Unknown,Unknown,ActivityStoppedAutomatically,1,0x400000000000,(none),Unresolved
??$_tlgWriteActivityAutoStop@$0EAAAAAAAAAAA@$03@@YAXPEBU_tlgProvider_t@@PEBU_GUID@@@Z,0x18003f52e,Unknown,Unknown,ActivityStoppedAutomatically,4,0x400000000000,(none),Unresolved
??$_tlgWriteActivityAutoStop@$0EAAAAAAAAAAA@$04@@YAXPEBU_tlgProvider_t@@PEBU_GUID@@@Z,0x18003ca9a,Unknown,Unknown,ActivityStoppedAutomatically,5,0x400000000000,(none),Unresolved
?ReportTelemetryFailure@TraceLoggingProvider@wil@@IEAAXAEBUFailureInfo@2@@Z,0x180039245,Unknown,Unknown,FallbackError,2,0x200000000000,"PartA_PrivTags:UInt64, PartA_PrivTags:UInt64, wilResult:Struct(NTStatus), hresult:UInt32, fileName:AnsiString, lineNumber:UInt32, module:AnsiString, failureType:UInt32, message:UnicodeString, threadId:UInt32, callContext:AnsiString, originatingContextId:UInt32, originatingContextName:AnsiString, originatingContextMessage:UnicodeString, currentContextId:UInt32, currentContextName:AnsiString, currentContextMessage:UnicodeString",Unresolved
?ReportTraceLoggingFailure@TraceLoggingProvider@wil@@IEAAXAEBUFailureInfo@2@@Z,0x18003940e,Unknown,Unknown,FallbackError,2,0x0,"PartA_PrivTags:UInt64, wilResult:Struct(Signed), hresult:UInt32, fileName:AnsiString, lineNumber:UInt32, module:AnsiString, failureType:UInt32, message:UnicodeString, threadId:UInt32, callContext:AnsiString, originatingContextId:UInt32, originatingContextName:AnsiString, originatingContextMessage:UnicodeString, currentContextId:UInt32, currentContextName:AnsiString, currentContextMessage:UnicodeString, failureId:UInt32, failureCount:UInt32, function:AnsiString",Unresolved
